rank,title,url,snippet
1,Top 5 AI Use Cases for U.S. EdTech Startups in 2025,https://appicsoftwares.com/blog/ai-use-cases-for-us-edtceh-startups/,"In 2025, U.S. EdTech businesses employ AI to provide tailored learning tutors, automate teaching workflows, create adaptive exams, provide early-warning analytics, and make learning more accessible. These apps help students do better, give teachers more time, and make learning available to everyone."
2,"Driven by AI, edtech funding rebounds with 5X surge in H1 2025",https://m.economictimes.com/tech/startups/driven-by-ai-edtech-funding-rebounds-with-5x-surge-in-h1-2025/articleshow/123884905.cms,"“Platforms like Leap, which focus on identifying and reducing information search costs, are benefiting significantly from AI. It is more exciting to build a company in 2025 than it was in 2023, because now you can do so much more with AI,” he said.  
  
Other investments this year include the workfo"
3,13 AI Education Startups Transforming Teaching and Learning,https://www.causeartist.com/ai-education-startups/,"Industries
       Lifestyle & Ethical Products
       Impact Investing
       Climate Action & Environment
       Workplace Innovations
       Crypto & Blockchain
       Nonprofit and Philanthropy

   Sign In

EdTech·Mar 27, 2025· 10 min read 

13 AI Education Startups Transforming Teaching and Lear"
4,Top 7 AI Edtech Startups To Watch In 2025 - Springs,https://springsapps.com/knowledge/top-7-ai-edtech-startups-to-watch-in-2024,"Today, over 65,000 companies in the edtech software industry compete for their rightful place in the sun. Artificial intelligence is vital to the educational solutions business, with over 67% of edtech unicorns founded in recent years using this technology in their products and services. These compa"
5,11 EdTech Startup Ideas 2025 Transforming Education - TechQware,https://www.techqware.com/blog/next-gen-learning-11-startup-ideas-transforming-access-to-education,"This article explores 11 cutting-edge startup concepts that are revolutionizing education, from immersive AR classrooms to AI instructors. These ideas provide both motivation and useful frameworks for investigating software app development in the educational setting - whether you're an educator, a f"
6,EdTech Startups in the Age of AI Giants: Where the Risks Are and ...,https://www.edtechdigest.com/2025/08/22/edtech-startups-in-the-age-of-ai-giants-where-the-risks-are-and-where-to-win/,"Edtech unicorn Eruditus closes $150-million loan refinancing deal from Mars Growth Capital and HSBC - The Economic Times September 11, 2025
 Digital retailer The Very Group announces launch of LinkedIn Learning across its organisation - EdTech Innovation Hub September 11, 2025 [...] Colgate Universi"
7,6 EdTech AI trends: How artificial intelligence is reshaping education,https://aws.amazon.com/blogs/publicsector/6-edtech-ai-trends-how-artificial-intelligence-is-reshaping-education/,"## Looking ahead: What’s next for EdTech?

As we move through 2025, AI will continue transforming education in ways both expected and unexpected. For EdTechs navigating these changes, focusing on real problems with measurable outcomes remains the surest path to success. [...] Innovation has always d"
8,Top 31 AI EdTech Tools That Are Changing Education in 2025,https://www.eklavvya.com/blog/ai-edtech-tools/,"## Conclusion

The landscape of AI in education continues to evolve rapidly, with new tools and capabilities emerging regularly.

The 31 AI EdTech tools highlighted in this updated article represent some of the most valuable and popular options available to educators, students, and educational insti"
9,Education Startups funded by Y Combinator (YC) 2025,https://www.ycombinator.com/companies/industry/education,"education

  generative-ai

  edtech

  ai-enhanced-learning

  ai](/companies/miyagi-labs)
 [Chiron

  X2025

   • 
  Active
   • 
  2 employees
   • 
  San Francisco, CA, USA

  Chiron is an iPad app that understands math as it’s written - like Grammarly for algebra. We’re both Oxford math grads, "
10,2025 North America EdTech 200 - HolonIQ,https://www.holoniq.com/notes/2025-north-america-edtech-200,"B2B models are strong across all sectors, with startups such as Element 451 and Abre, supporting institutions in infrastructure, curriculum development, digital content delivery, and learning management. The integration of AI into institutional workflow solutions, including student success platforms"
11,AI & Education: 2025 Mid-Summer Update - Cengage Group,https://www.cengagegroup.com/news/perspectives/2025/ai--education-2025-mid-summer-update/,"The summer of 2025 has made one thing clear: AI is not a trend – it’s a cornerstone of the educational landscape. With robust investments in educator training, public-private partnerships fueling innovation and a surge in real-world adoption, the role of AI in education is solidifying into something"
12,Education Technology Trends to Watch in 2025,https://www.digitallearninginstitute.com/blog/education-technology-trends-to-watch-in-2025,"### 1. AI-Driven Personalised Learning Systems

AI is already transforming education, and none more so than in the area of personalised learning.

Thanks to AI platforms like Squirrel AI and Microsoft’s Reading Coach, educators can analyse learners’ strengths, weaknesses and preferred learning style"
13,How AI is Reshaping the EdTech Job Market,https://edtechjobs.io/blog/how-ai-is-reshaping-the-edtech-job-market,"# How AI is Reshaping the EdTech Job Market For EdTech job seekers, this means exciting new career paths are emerging – and some familiar roles are evolving with an AI twist. In fact, in just July 2025, **about 1 in 5 new EdTech job listings have mentioned AI** skills or focus, reflecting how in-dem"
14,AI Boom Drives Surge in Demand for Tech Skills in 2025 - GovTech,https://www.govtech.com/education/ai-boom-drives-surge-in-demand-for-tech-skills-in-2025,"(TNS) — Artificial intelligence is doing more than just automating workflows in 2025: It’s dismantling the very idea of education. Once seen as one-time achievements, a bachelor’s degree, a professional certificate, or an annual corporate training session, are no longer guarantees of relevance in a "
15,"Big Tech is paying millions to train teachers on AI, in a push to bring ...",https://abcnews.go.com/Business/wireStory/big-tech-paying-millions-train-teachers-ai-push-126604485,"# Big Tech is paying millions to train teachers on AI, in a push to bring chatbots into classrooms

The country’s largest teachers unions are teaming up with tech companies like Microsoft and OpenAI to help educators build literacy in artificial intelligence

ByJOCELYN GECKER AP education writer

Oc"
16,60 Growing AI Companies & Startups (2025) - Exploding Topics,https://explodingtopics.com/blog/ai-startups,"Search growth status: Exploding

Year founded: 2021

Location: San Jose, California

Funding: $243M (Series C) [...] Location: Littleton, CO

Funding: $4.8M (Seed)

What they do: Luxonis is a technology company that builds spatial AI and advanced computer vision hardware and software. This startup f"
17,The 2025 AI Index Report | Stanford HAI,https://hai.stanford.edu/ai-index/2025-ai-index-report,"Image 8

### 9. AI and computer science education is expanding—but gaps in access and readiness persist. [...] teach it. [...] Transcendence represents a $100 billion initiative."
18,Sam Altman-backed college startup taps former Meta AI head as CTO,https://www.cnbc.com/2025/10/10/sam-altman-college-startup-campus-meta-ai.html,"Sam Altman-backed Campus has hired Meta's former AI chief Jerome Pesenti as its technology head and acquired his AI company for an undisclosed amount.
   The acquisition advances the ""engineering roadmap by 2-3 years,"" said Tade Oyerinde, Campus founder and chancellor.
   The college startup aims to"
19,Advancing Artificial Intelligence Education for American Youth,https://www.whitehouse.gov/presidential-actions/2025/04/advancing-artificial-intelligence-education-for-american-youth/,"DONALD J. TRUMP

THE WHITE HOUSE,    April 23, 2025. [...] vision, we must also invest in our educators and equip them with the tools and knowledge to not only train students about AI, but also to utilize AI in their classrooms to improve educational outcomes.  Professional development programs focu"
